{
"grievances": [
{
  "reportedBy": "shivahr@gmail.com",
  "reportedDateTime": "20171125_152627",
  "picture": {
    "large": "IMG-20171125-WA0012.jpeg",
    "thumbnail": "thumbnail_IMG-20171125-WA0012.jpg"
  },
  "problemDescription": "Car parking on busy market road chocking movement of other vehicles and pedestrians",
  "geoLocation": {
    "type": "Point",
    "coordinates": [
      77.7893168,
      13.0773568
    ]
  },
  "address": "Basaveshwara Temple road (behind Market Road), Hosakote, Bangalore 562114"
},
{
  "reportedBy": "shivahr@gmail.com",
  "reportedDateTime": "20171125_153034",
  "picture": {
    "large": "20171125_153034.jpg",
    "thumbnail": "thumbnail_20171125_153034.jpg"
  },
  "problemDescription": "Water overflow from broken Municipal Water Pipes.",
  "geoLocation": {
    "type": "Point",
    "coordinates": [
      77.7886087,
      13.0768342
    ]
  },
  "address": "End of Kammavari Pete Road at Nalagalli, Hosakote, Bangalore 562114"
},
{
  "reportedBy": "shivahr@gmail.com",
  "reportedDateTime": "20171125_152218",
  "picture": {
    "large": "20171125_152218.jpg",
    "thumbnail": "thumbnail_20171125_152218.jpg"
  },
  "problemDescription": "Damaged road adjacent to drain. Risky spot for children and vehicles falling into drain when it is dark.",
  "geoLocation": {
    "type": "Point",
    "coordinates": [
      77.7897071,
      13.0763398
    ]
  },
  "address": "Junction near Siddhi Vinayaka Temple on Market Road, Hosakote, Bangalore 562114"
},
{
  "reportedBy": "shivahr@gmail.com",
  "reportedDateTime": "20171125_151628",
  "picture": {
    "large": "20171125_151628.jpg",
    "thumbnail": "thumbnail_20171125_151628.jpg"
  },
  "problemDescription": "Garbage dumped near water tank next to main road",
  "geoLocation": {
    "type": "Point",
    "coordinates": [
      77.7867915,
      13.0751105
    ]
  },
  "address": "Near J.C. Circle at the beginning of Kurubarapete Main Road, Hosakote, Bangalore 562114"
},
{
  "reportedBy": "shivahr@gmail.com",
  "reportedDateTime": "20171125_152427",
  "picture": {
    "large": "20171125_152427.jpg",
    "thumbnail": "thumbnail_20171125_152427.jpg"
  },
  "problemDescription": "Sewage drain blocked due to dumped garbage",
  "geoLocation": {
    "type": "Point",
    "coordinates": [
      77.7896441,
      13.0779962
    ]
  },
  "address": "Junction of Darjipet (Market) and Basaveshwara Temple road, Hosakote, Bangalore 562114"
},
{
  "reportedBy": "shivahr@gmail.com",
  "reportedDateTime": "20171125_153135",
  "picture": {
    "large": "IMG-20171125-WA0018.jpeg",
    "thumbnail": "thumbnail_IMG-20171125-WA0018.jpg"
  },
  "problemDescription": "Road dug up for laying underground sewage pumps left untarred for more than 3 months!",
  "geoLocation": {
    "type": "Point",
    "coordinates": [
      77.7867915,
      13.0751105
    ]
  },
  "address": "Nalagalli road, Hosakote, Bangalore 562114"
}
]
}
