<?xml version="1.0" encoding="UTF-8"?>
<!--

       © Copyright 2016 IBM Corp.

       Licensed under the Apache License, Version 2.0 (the "License");
       you may not use this file except in compliance with the License.
       You may obtain a copy of the License at

           http://www.apache.org/licenses/LICENSE-2.0

       Unless required by applicable law or agreed to in writing, software
       distributed under the License is distributed on an "AS IS" BASIS,
       WITHOUT WARRANTIES OR CONDITIONS OF ANY KIND, either express or implied.
       See the License for the specific language governing permissions and
       limitations under the License.

-->
<mfp:adapter name="socialLogin"
             xmlns:mfp="http://www.ibm.com/mfp/integration"
             xmlns:http="http://www.ibm.com/mfp/integration/http">

	<displayName>Social Login adapter</displayName>
	<description>
        Provides integration with Google and Facebook sign-in.
        The client performs sign-in, obtains the vendor token, and sends it to the 'socialLogin' security check as a credentials parameter.
        The security check verifies the token with its vendor, and creates an MFP Authenticated User.
    </description>

    <securityCheckDefinition name="socialLogin" class="com.github.mfpdev.sample.socialogin.SocialLoginSecurityCheck">
        <property name="keepOriginalToken" type="boolean" defaultValue="false"
                  displayName="keep original token"
                  description="If true, the token submitted by the client is stored in the Authenticated User as an attribute 'originalToken'"
        />
        <property name="google.clientId"
                  defaultValue="618106571370-pr9058fhv2efj4635ertkgbn14tda2ha.apps.googleusercontent.com"
				  displayName="google client Id"
                  description="OAuth 2.0 client ID that was created for your server. Get it from Google Developers Console
                  at https://console.developers.google.com/projectselector/apis/credentials"/>
    </securityCheckDefinition>

</mfp:adapter>
